title,price,review
Sweat Oversized Pullover Hoodie,$49.90,4.8
Sweat Pullover Hoodie,$39.90,4.7
Washable 3D Knit Hoodie,$39.90,4.4
Sweat Full-Zip Hoodie,$39.90,4.8
Sweat Full-Zip Hoodie,$29.90,4.8
DRY-EX UV Protection Full-Zip Hoodie | Printed,$39.90,4.7
Half-Zip Sweatshirt,$49.90,4.8
DRY-EX UV Protection Full-Zip Hoodie,$39.90,4.8
DRY-EX UV Protection Full-Zip Hoodie,$19.90,4.8
Sweatshirt,$34.90,4.6
Oversized Sweatshirt,$49.90,5
Sweatshirt,$19.90,4.6
STUDIO GHIBLI Sweatshirt | My Neighbor Totoro,$39.90,4.7
STUDIO GHIBLI Sweatshirt | Princess Mononoke,$39.90,4.9
STUDIO GHIBLI Sweatshirt | Spirited Away,$39.90,4.8
STUDIO GHIBLI Sweatshirt | The Boy and the Heron,$39.90,5
PEANUTS Sweatshirt,$39.90,N/A
